,0
0,jasonluxton
1,sgtslaughterTV
2,robis87
3,anon43850
4,Weaver96
5,zippyteach
6,ControlPotential
7,girlshero
8,_martinshkreli_
9,ExcellentNoThankYou
10,milonuttigrain
11,roymustang261
12,GroundbreakingLack78
13,roberthonker
14,dragondude4
15,TurbulentMoon
16,satoshinakamoto7
17,AvidasOfficial
18,steavus
19,Invest07723
20,savage-dragon
21,Layneeeee
22,Suspicious-Wallaby12
23,Joe-M-4
24,BTC_Hadzija
25,eggnoggman
26,ziggyzago
27,Brinothedino
28,PM_ME_PLASTIC_BAGS
29,Siamak71
30,arsonbunny
31,Set1Less
32,9Oh8m8
33,coinmoon_com
34,TheGreatCryptopo
35,Lord-Nagafen
36,nanooverbtc
37,Dwez1337
38,reddito321
39,fallenkeith2018
40,Monster_Chief17
41,DestroyerOfShitcoins
42,cornh_
43,grittygatorr
44,TrueSpins
