,id,author,score,upvote_ratio,num_comments,subreddit
0,p9f4r4,zippyteach,6484,0.92,871,CryptoCurrency
1,q06h0r,zippyteach,6247,0.94,567,CryptoCurrency
2,mtsq3g,ziggyzago,6763,0.91,1835,CryptoCurrency
3,liodvr,ziggyzago,5462,0.96,232,CryptoCurrency
4,p1fkcr,yellao23,12652,0.78,3251,CryptoCurrency
5,pv0sts,yaroslavwwe,5001,0.91,2020,CryptoCurrency
6,7qr6ky,x2P,18479,0.91,315,CryptoCurrency
7,n4kgcd,wolll0w,6585,0.92,644,CryptoCurrency
8,ns2lm1,wmredditor,11390,0.92,958,CryptoCurrency
9,mb6ywq,wizza84,5574,0.92,1426,CryptoCurrency
10,8a8kav,wiz666,5635,0.9,773,CryptoCurrency
11,o9r6je,winvesting,12884,0.95,1452,CryptoCurrency
12,mr2k48,wd761gbc241,6469,0.98,518,CryptoCurrency
13,ntibo4,warwickfilm,10998,0.87,941,CryptoCurrency
14,amiji3,warnakey,5014,0.94,570,CryptoCurrency
15,pckglu,virusamongus,7105,0.86,1127,CryptoCurrency
16,ngbj84,veryeducatedinvestor,14322,0.91,1537,CryptoCurrency
17,qv4xx8,velvetblunder,5545,0.91,2103,CryptoCurrency
18,m4v7oq,valkener1,7758,0.8,941,CryptoCurrency
19,mqhoum,username_takne,6686,0.98,765,CryptoCurrency
20,paj9sx,ultron290196,5150,0.86,978,CryptoCurrency
21,oa9qvt,turnsyouon22,13575,0.7,2139,CryptoCurrency
22,7i8de6,ttothentothec,6263,0.93,706,CryptoCurrency
23,7rhizf,tramptac,5095,0.87,652,CryptoCurrency
24,nd7hih,toxic12093ureta,4984,0.92,422,CryptoCurrency
25,7kkfyd,thecryptos,5898,0.92,538,CryptoCurrency
26,llb6ui,the_wijji,8539,0.93,1048,CryptoCurrency
27,mdl2yl,tghGaz,4947,0.89,896,CryptoCurrency
28,otdhn6,tfproblem,13469,0.92,1218,CryptoCurrency
29,on70z5,tfproblem,4958,0.96,862,CryptoCurrency
30,80y51m,svensonic1,9319,0.92,1594,CryptoCurrency
31,lhia2b,steavus,7354,0.89,573,CryptoCurrency
32,lbqqkq,steavus,6416,0.95,1107,CryptoCurrency
33,nbyj5k,spritefire,6271,0.9,1362,CryptoCurrency
34,oxwumj,spankthawank,14500,0.71,3753,CryptoCurrency
35,l9pdq1,skramzy,9181,0.87,1554,CryptoCurrency
36,oz5iqm,simplelifestyle,11011,0.88,1610,CryptoCurrency
37,noffhe,shlammyjohnson,5217,0.95,596,CryptoCurrency
38,7kdcya,shargath,6087,0.89,1190,CryptoCurrency
39,nu16pp,sgtslaughterTV,18770,0.86,2009,CryptoCurrency
40,nv14gu,sgtslaughterTV,4971,0.98,712,CryptoCurrency
41,niiuvk,ser_antonii,12607,0.91,1893,CryptoCurrency
42,nc6qhm,savage-dragon,18515,0.83,1919,CryptoCurrency
43,n3e4ma,savage-dragon,14027,0.9,1287,CryptoCurrency
44,nb0yz5,satoshinakamoto7,27291,0.88,6246,CryptoCurrency
45,ndedgf,satoshinakamoto7,16831,0.77,3634,CryptoCurrency
46,l1oxnw,satoshinakamoto7,5889,0.96,561,CryptoCurrency
47,80xb4n,sash187,19626,0.67,1082,CryptoCurrency
48,pjcpcb,sam-sung,11040,0.81,3416,CryptoCurrency
49,nlon81,sachin1118,5209,0.94,1560,CryptoCurrency
50,7wdbak,rubberbandrocks,12368,0.96,490,CryptoCurrency
51,pennoy,roymustang261,6964,0.87,1025,CryptoCurrency
52,q6q8sm,roymustang261,6025,0.93,1501,CryptoCurrency
53,7m8dot,ronoxe,7339,0.91,443,CryptoCurrency
54,lzra1r,rockyjunior,5226,0.71,668,CryptoCurrency
55,mgcb7o,robis87,19705,0.93,1151,CryptoCurrency
56,nyey92,robis87,8485,0.97,821,CryptoCurrency
57,oq9zxj,robis87,6210,0.92,1195,CryptoCurrency
58,l0i6n8,robis87,5442,0.95,764,CryptoCurrency
59,nhi8ki,roberthonker,9806,0.88,1473,CryptoCurrency
60,q6wqyo,roberthonker,6639,0.89,2253,CryptoCurrency
61,q379vr,roberthonker,6166,0.95,515,CryptoCurrency
62,qqtjjn,rmczpp,6905,0.87,1489,CryptoCurrency
63,7s9zmc,riverflop,13415,0.89,454,CryptoCurrency
64,no48rc,rikeezzein,14232,0.88,301,CryptoCurrency
65,ot3v7x,redditsgarbageman,11496,0.81,1378,CryptoCurrency
66,lijzxr,reddito321,21448,0.94,1538,CryptoCurrency
67,lz4x37,reddito321,16414,0.82,1983,CryptoCurrency
68,pia31k,randfyld,6558,0.88,1633,CryptoCurrency
69,n57xbt,postal_card,11177,0.87,2465,CryptoCurrency
70,7lzcm7,porkchop487,5699,0.94,425,CryptoCurrency
71,m2x66r,pito_grande2,6928,0.96,790,CryptoCurrency
72,mvjzem,phantomimp,5707,0.91,904,CryptoCurrency
73,m1v26g,perchero,5130,0.88,1347,CryptoCurrency
74,p5b4rs,pashtun92,4879,0.89,1142,CryptoCurrency
75,nqkvs6,ottawasummerstudent,14177,0.88,1467,CryptoCurrency
76,p7kyqp,omar366266,9666,0.93,1630,CryptoCurrency
77,qahn0h,oachkatzele,12885,0.84,2300,CryptoCurrency
78,p8ctmb,not_so_real_bad,6814,0.85,1753,CryptoCurrency
79,7tbmt8,normal_rc,6309,0.93,1323,CryptoCurrency
80,nvjz65,nipochi,9770,0.93,1277,CryptoCurrency
81,ql3fs7,niddLerzK,11413,0.9,2288,CryptoCurrency
82,oqoon7,nicky_papagiorgio,12639,0.93,2577,CryptoCurrency
83,lye4n5,niZmoXMR,11224,0.93,2032,CryptoCurrency
84,872d4p,nelito30,6923,0.93,492,CryptoCurrency
85,na0jwv,nascraytia,8736,0.79,1645,CryptoCurrency
86,n43gno,nanooverbtc,29029,0.7,372,CryptoCurrency
87,ovac5r,nanooverbtc,24140,0.91,317,CryptoCurrency
88,pdk193,nanooverbtc,19864,0.95,399,CryptoCurrency
89,n43ptn,nanooverbtc,15528,0.75,146,CryptoCurrency
90,mz2wfx,nanooverbtc,13029,0.84,1146,CryptoCurrency
91,n43upm,nanooverbtc,11249,0.75,114,CryptoCurrency
92,pvkqaq,nanooverbtc,10755,0.99,146,CryptoCurrency
93,n43k6m,nanooverbtc,9942,0.74,85,CryptoCurrency
94,qedajg,nanooverbtc,8669,0.99,132,CryptoCurrency
95,n43nup,nanooverbtc,8411,0.73,61,CryptoCurrency
96,n43yph,nanooverbtc,7231,0.73,75,CryptoCurrency
97,mz2wfk,nanooverbtc,6642,0.87,412,CryptoCurrency
98,n43ssx,nanooverbtc,5773,0.71,66,CryptoCurrency
99,mz3avs,nanooverbtc,5089,0.83,408,CryptoCurrency
100,qqvj8z,naji102,5048,0.92,1010,CryptoCurrency
101,qsbxx8,musecorn,6028,0.86,1010,CryptoCurrency
102,c1zlny,mtimetraveller,14639,0.84,1265,CryptoCurrency
103,7og8ie,mrtrogdor,5984,0.92,301,CryptoCurrency
104,miww8c,minimumsquirrel,11300,0.95,1301,CryptoCurrency
105,qcxao8,milonuttigrain,10424,0.9,1878,CryptoCurrency
106,n52iwb,milonuttigrain,7011,0.68,907,CryptoCurrency
107,p12hp4,mckgoodwin,12166,0.92,1123,CryptoCurrency
108,nk30j0,mavis777,17937,0.94,832,CryptoCurrency
109,7urefn,mattp341,7524,0.83,1570,CryptoCurrency
110,mt1xzi,mark_able_jones_,12340,0.85,3734,CryptoCurrency
111,m74sld,maksidaa,5799,0.92,412,CryptoCurrency
112,n5wkwq,lunargrover,15394,0.82,3213,CryptoCurrency
113,ll4b4x,lovinglyhandmade,7551,0.97,996,CryptoCurrency
114,7pnt57,loller,12136,0.92,438,CryptoCurrency
115,nnibne,laurcrv,13902,0.67,1298,CryptoCurrency
116,8qvp0z,l1r4rich,8952,0.89,541,CryptoCurrency
117,pioogp,kthebakerman,15148,0.84,5322,CryptoCurrency
118,m9y2tr,kishore1988,6416,0.9,749,CryptoCurrency
119,nm5lkl,kenjirai,8611,0.95,943,CryptoCurrency
120,nbbtfv,jupyter2,16132,0.88,1218,CryptoCurrency
121,7x0ves,jpirog,12977,0.87,797,CryptoCurrency
122,n7rl2y,jonbristow,53908,0.9,4546,CryptoCurrency
123,pm4j1n,jmlinpt,6226,0.85,2213,CryptoCurrency
124,p1vrgw,jkopas,5296,0.96,1000,CryptoCurrency
125,noztp7,jasonluxton,45512,0.68,7601,CryptoCurrency
126,nwagc0,jasonluxton,10255,0.93,514,CryptoCurrency
127,nhnf4p,jasonluxton,9174,0.95,815,CryptoCurrency
128,o601bm,jasonluxton,8096,0.87,1954,CryptoCurrency
129,nop6s7,jasonluxton,5044,0.93,791,CryptoCurrency
130,nvxi40,james8807,9398,0.92,966,CryptoCurrency
131,lfrslo,jackvilles,28189,0.95,1289,CryptoCurrency
132,ngydk5,itsblockchain,7522,0.98,1492,CryptoCurrency
133,pv6516,isaac_horstmeier,10105,0.95,773,CryptoCurrency
134,8cxa19,installeris,5287,0.91,512,CryptoCurrency
135,lh39ss,imm_uol1819,5365,0.95,912,CryptoCurrency
136,qllygj,if_u_suspend_ur_gay,8782,0.89,2621,CryptoCurrency
137,oj3mn2,iGot5onBit,13256,0.65,1973,CryptoCurrency
138,m82sgj,howmydictate,5232,0.94,851,CryptoCurrency
139,q0hx4v,homrqt,9139,0.9,1398,CryptoCurrency
140,pug8j6,heyheoy,6226,0.89,1602,CryptoCurrency
141,n9cby0,hazelvelvet,20348,0.88,2528,CryptoCurrency
142,qdgiqr,guy___manderson,11530,0.73,3381,CryptoCurrency
143,o9gvxo,grittygatorr,6494,0.92,1160,CryptoCurrency
144,myt26e,grittygatorr,6200,0.95,449,CryptoCurrency
145,p95p41,graph_marine,5995,0.75,2357,CryptoCurrency
146,lxqzwo,goldenbzzz,7554,0.94,936,CryptoCurrency
147,qrrt7f,godstriker8,8068,0.91,1249,CryptoCurrency
148,pmqqed,gnarley_quinn,5187,0.88,1117,CryptoCurrency
149,mahrnm,girlshero,5633,0.96,580,CryptoCurrency
150,lc8s0l,girlshero,4940,0.97,317,CryptoCurrency
151,qf3eqg,gigabyteIO,6080,0.76,2038,CryptoCurrency
152,og5u6m,giddyup281,5642,0.81,2577,CryptoCurrency
153,mskfij,gdj11,14082,0.89,2115,CryptoCurrency
154,ni81j7,garbageman2112,16289,0.88,1690,CryptoCurrency
155,l6wv0u,frank__costello,20162,0.96,1107,CryptoCurrency
156,7o0t2l,four95,7070,0.94,670,CryptoCurrency
157,mxlyvg,forthemotherrussia,15519,0.81,1136,CryptoCurrency
158,mvcaa2,flyingalbatross1,5264,0.9,1502,CryptoCurrency
159,c3i9mr,flafel,9306,0.92,593,CryptoCurrency
160,814n07,felixinhokuester,5343,0.89,320,CryptoCurrency
161,ktftlo,fallenkeith2018,7173,0.94,400,CryptoCurrency
162,mucdmf,fallenkeith2018,5667,0.97,453,CryptoCurrency
163,nuf97m,eulersheep,5178,0.87,1563,CryptoCurrency
164,7vo5ov,ethswagholder,7963,0.91,686,CryptoCurrency
165,o40uqs,ethereum88,6490,0.78,1594,CryptoCurrency
166,lhxc2a,eragmus,15082,0.88,853,CryptoCurrency
167,nuz1uj,eggnoggman,17231,0.89,1218,CryptoCurrency
168,o0ad7e,eggnoggman,7585,0.94,557,CryptoCurrency
169,n3q27z,eggnoggman,6021,0.97,498,CryptoCurrency
170,ojikfn,dragondude4,9531,0.86,1786,CryptoCurrency
171,owihb6,dragondude4,7922,0.94,909,CryptoCurrency
172,bm4ppj,dinono33,6811,0.92,699,CryptoCurrency
173,o2y1p7,diggipiggi,9589,0.93,852,CryptoCurrency
174,7qkjre,denk0815,5453,0.93,710,CryptoCurrency
175,oi3c2c,decopper,19858,0.85,2585,CryptoCurrency
176,85eb4m,de_cha,5716,0.91,422,CryptoCurrency
177,nh8nhx,datwolvsnatchdoh,5390,0.97,473,CryptoCurrency
178,qgykwk,darkjaffs,4946,0.97,764,CryptoCurrency
179,qpoqq9,dado3,6609,0.85,1588,CryptoCurrency
180,n0cjgt,cryptoSunnyL,5841,0.86,1617,CryptoCurrency
181,83pgy2,crypmate,6177,0.87,487,CryptoCurrency
182,lvk7um,cornh_,11110,0.93,768,CryptoCurrency
183,m3ef7q,cornh_,8073,0.94,1243,CryptoCurrency
184,8eto2e,coinmoon_com,17161,0.87,826,CryptoCurrency
185,8j3lwh,coinmoon_com,6041,0.87,332,CryptoCurrency
186,lnwg89,clogsroofer,5571,0.95,129,CryptoCurrency
187,ng4moj,cascading_disruption,6186,0.86,1794,CryptoCurrency
188,ng5uwx,carlo_on_fire,17155,0.9,1793,CryptoCurrency
189,7tdg3y,callmeahri,4926,0.92,393,CryptoCurrency
190,mpifwr,c3sco799999,6524,0.9,1408,CryptoCurrency
191,qh7b9k,buttcoin_lol,5571,0.93,1826,CryptoCurrency
192,lqqc1q,bose25,10394,0.92,736,CryptoCurrency
193,nj234l,bladecg,17798,0.86,2374,CryptoCurrency
194,7org7l,blackupsilon,5610,0.88,462,CryptoCurrency
195,osis3a,bexji,5099,0.92,1217,CryptoCurrency
196,mj8f09,bardooneness,5812,0.76,1133,CryptoCurrency
197,qfi12z,badaccountant28,11422,0.79,2981,CryptoCurrency
198,7r4vlc,arsonbunny,14596,0.89,906,CryptoCurrency
199,7m3nvy,arsonbunny,12293,0.93,681,CryptoCurrency
200,7uzrta,arsonbunny,6082,0.92,625,CryptoCurrency
201,8ew5gb,arbobmehmood,7401,0.97,526,CryptoCurrency
202,n328cf,antonito901,6681,0.93,779,CryptoCurrency
203,q82c00,anon43850,7232,0.91,949,CryptoCurrency
204,pfvxh1,anon43850,7073,0.85,1415,CryptoCurrency
205,n8wnip,anon43850,6153,0.96,491,CryptoCurrency
206,mpyby2,andrewhartanto,7481,0.94,1156,CryptoCurrency
207,mekhv7,anasshm,5198,0.92,1491,CryptoCurrency
208,qmiz59,amandamichelle90,8029,0.96,943,CryptoCurrency
209,ppynhy,afriendlystone,5116,0.9,1291,CryptoCurrency
210,ny56bl,adamdmn,14353,0.89,1388,CryptoCurrency
211,o7k0b4,_martinshkreli_,20871,0.93,599,CryptoCurrency
212,o2jwc1,_martinshkreli_,10790,0.92,1783,CryptoCurrency
213,o6888y,_martinshkreli_,10008,0.93,1431,CryptoCurrency
214,nd0yx2,_martinshkreli_,8761,0.86,1715,CryptoCurrency
215,q8r35z,_DEDSEC_,6041,0.86,1764,CryptoCurrency
216,ppmnnt,Zijdehoen,6168,0.79,1364,CryptoCurrency
217,nh5skp,Zealousideal-Wave-69,11864,0.9,1910,CryptoCurrency
218,nqapfy,You-ShouldBuyBitcoin,5707,0.87,891,CryptoCurrency
219,c0lech,YoJoee,6769,0.96,389,CryptoCurrency
220,qmrys0,Yeetasaurus1979,13388,0.67,8998,CryptoCurrency
221,nhw9p2,Wilsonahrens,6496,0.97,676,CryptoCurrency
222,lsvqeu,Weaver96,12304,0.86,1124,CryptoCurrency
223,lkkm0v,Weaver96,7906,0.96,1022,CryptoCurrency
224,lgrd9p,Weaver96,6323,0.96,1053,CryptoCurrency
225,lk2rtw,Weaver96,6297,0.85,1373,CryptoCurrency
226,ls1jqb,Weaver96,5308,0.93,800,CryptoCurrency
227,85mjph,WarmFire,10056,0.88,434,CryptoCurrency
228,oomuyi,Wargizmo,6420,0.93,1109,CryptoCurrency
229,nmfws6,Vmn551,11599,0.95,1661,CryptoCurrency
230,nmu5ls,VentralScarab,10329,0.89,1133,CryptoCurrency
231,lm891z,VCGS,20124,0.82,1994,CryptoCurrency
232,n07lz1,Tyrantt_47,5948,0.98,839,CryptoCurrency
233,nfxr71,TwistedFluke,11794,0.9,713,CryptoCurrency
234,l7fyk3,TurbulentMoon,10458,0.97,1082,CryptoCurrency
235,oo6rrz,TurbulentMoon,7236,0.9,1680,CryptoCurrency
236,o4a0am,TryingToMakeAMil,10364,0.89,1489,CryptoCurrency
237,leur6k,TrueSpins,17584,0.87,2710,CryptoCurrency
238,mm2qpj,TrueSpins,10548,0.9,695,CryptoCurrency
239,ndvzeo,TrueSpins,7690,0.95,798,CryptoCurrency
240,m6wvqo,TrueSpins,5257,0.91,622,CryptoCurrency
241,o70yzv,Trevigol,13549,0.89,2199,CryptoCurrency
242,miskiv,TonyHawksSkateboard,5427,0.96,386,CryptoCurrency
243,o38e17,TonathanJavares,6157,0.97,489,CryptoCurrency
244,gk4u1z,TommyDyatlov,5228,0.96,954,CryptoCurrency
245,mzp7gr,TobiHovey,6592,0.93,917,CryptoCurrency
246,cc3vzo,Tmfallon,6292,0.91,1602,CryptoCurrency
247,7nqts3,Tilted_Till_Tuesday,4895,0.93,444,CryptoCurrency
248,7rnifr,Ticketoride,6747,0.92,412,CryptoCurrency
249,pu01qz,The_Nutcrack,4868,0.93,902,CryptoCurrency
250,nq15us,TheKyleShow,5255,0.98,673,CryptoCurrency
251,njvog2,TheGreatCryptopo,14669,0.9,1087,CryptoCurrency
252,m5c5k4,TheGreatCryptopo,8242,0.95,1134,CryptoCurrency
253,mnedq4,TheGreatCryptopo,5049,0.92,624,CryptoCurrency
254,o5k237,TheGiftOf_Jericho,12890,0.86,2863,CryptoCurrency
255,ps7w6r,ThatInternetGuy,11821,0.79,1883,CryptoCurrency
256,q1tgui,That-Attitude6308,16557,0.74,2236,CryptoCurrency
257,nvrvqe,Tenma_Hito,5036,0.93,622,CryptoCurrency
258,mifal4,Tbkiah,6672,0.91,952,CryptoCurrency
259,nzuqpw,Taitou_UK,19807,0.89,1334,CryptoCurrency
260,7y4vi9,TWTHEREDDRAGON,6080,0.92,368,CryptoCurrency
261,m44j9x,TR5_,8568,0.93,1366,CryptoCurrency
262,pjxnut,TNGSystems,6113,0.91,1531,CryptoCurrency
263,mvujsi,TJZenkai,14266,0.79,6509,CryptoCurrency
264,lazttw,SweetPie123,6401,0.94,1209,CryptoCurrency
265,7vga1y,Suuperdad,20143,0.81,1426,CryptoCurrency
266,n66se9,Suspicious-Wallaby12,16539,0.92,2086,CryptoCurrency
267,npob3a,Suspicious-Wallaby12,14015,0.88,2336,CryptoCurrency
268,7q07q4,Supertoaster9I,9793,0.86,584,CryptoCurrency
269,nlng5w,SuiteSubstitute,11335,0.96,829,CryptoCurrency
270,oni3ow,StonerDaly,8025,0.9,1295,CryptoCurrency
271,laqzt1,StingerMcGee,6871,0.93,1356,CryptoCurrency
272,qna0oh,Spreizbacken,15068,0.91,2131,CryptoCurrency
273,lwgoo1,SpeedyCorals,8679,0.95,674,CryptoCurrency
274,n3xin5,Sovereign_Mind,10491,0.86,1833,CryptoCurrency
275,ofgqet,Sourcandybars,7365,0.94,916,CryptoCurrency
276,omsjyi,Some1fromReddit,8455,0.97,521,CryptoCurrency
277,n5jz6w,SolorMining,6794,0.97,635,CryptoCurrency
278,mw2lxz,SodaCanBob,5135,0.94,1286,CryptoCurrency
279,q9vhv4,Snoo65810,14925,0.89,3073,CryptoCurrency
280,mbmvm1,Smemseg,10871,0.86,1083,CryptoCurrency
281,oavzsp,SlappySpankBank,4859,0.94,1120,CryptoCurrency
282,7njhsc,SkoivanSchiem,5922,0.89,941,CryptoCurrency
283,njbgxt,Sjors22-,10037,0.86,1203,CryptoCurrency
284,m983wv,Siamak71,6170,0.95,684,CryptoCurrency
285,ly79uw,Siamak71,4989,0.95,513,CryptoCurrency
286,pf2qap,ShiftyDM,10960,0.92,1129,CryptoCurrency
287,q7p5fm,Set1Less,17201,0.91,2476,CryptoCurrency
288,oeh706,Set1Less,15559,0.94,1024,CryptoCurrency
289,n33j7w,Set1Less,13158,0.9,2136,CryptoCurrency
290,qri0vn,Set1Less,9214,0.94,644,CryptoCurrency
291,p0d4sh,Set1Less,8338,0.87,1056,CryptoCurrency
292,nv38cv,Set1Less,6881,0.95,1006,CryptoCurrency
293,lrjpyq,Set1Less,6170,0.93,613,CryptoCurrency
294,pztksp,SenatusSPQR,7153,0.66,44746,CryptoCurrency
295,of0tqh,SatOnMyBalls_,13060,0.93,723,CryptoCurrency
296,ofojmg,SatOnMyBalls_,8512,0.92,553,CryptoCurrency
297,ms1man,Sandrokz,10759,0.7,4318,CryptoCurrency
298,7iafg8,Rupispupis,12360,0.94,580,CryptoCurrency
299,pkwqq2,Roy1984,8827,0.95,1151,CryptoCurrency
300,7wlo19,Rezzz8080,6946,0.93,877,CryptoCurrency
301,o94met,Rexon225,7999,0.94,981,CryptoCurrency
302,qnzz2e,RatherCynical,7682,0.64,3030,CryptoCurrency
303,l8fgrx,Ragnaroknight,9390,0.95,721,CryptoCurrency
304,p6uxqz,Ragefan66,7696,0.95,860,CryptoCurrency
305,lbgh5p,QBD3v14nt,7604,0.95,978,CryptoCurrency
306,la3m4s,Puppy_Coated_In_Beer,11354,0.94,1761,CryptoCurrency
307,p2dup1,Pixeth_,8869,0.9,1108,CryptoCurrency
308,n2mq4z,PinkEyeBoi1,10427,0.91,1380,CryptoCurrency
309,mkjx4z,Papa-Lou,10271,0.95,757,CryptoCurrency
310,mmp7kg,PM_me_catpics,6538,0.99,397,CryptoCurrency
311,7r6chx,PM_Poutine,5809,0.98,1097,CryptoCurrency
312,p020bs,PM_ME_SECRET_DATA,4931,0.82,1963,CryptoCurrency
313,lqavxo,PM_ME_PLASTIC_BAGS,17803,0.88,1419,CryptoCurrency
314,m7m7om,PM_ME_PLASTIC_BAGS,7707,0.87,728,CryptoCurrency
315,7ljpp4,OrangeCognac,5256,0.94,226,CryptoCurrency
316,nwogjt,ObscureOP,18699,0.9,1842,CryptoCurrency
317,n83wha,OGSquidFucker,11239,0.69,2139,CryptoCurrency
318,ldh53f,None,14298,0.88,1922,CryptoCurrency
319,7vq1aq,None,12019,0.91,390,CryptoCurrency
320,mxb67p,None,11824,0.91,1383,CryptoCurrency
321,o50itb,None,9421,0.92,2123,CryptoCurrency
322,mc60c0,None,7866,0.94,1410,CryptoCurrency
323,927auz,None,7306,0.84,302,CryptoCurrency
324,7qiuc8,None,6375,0.93,263,CryptoCurrency
325,8k5n0k,None,5784,0.91,671,CryptoCurrency
326,nusj9f,None,5713,0.79,1368,CryptoCurrency
327,7v1m8d,None,5410,0.88,759,CryptoCurrency
328,pkghca,NightKniqht,9698,0.94,927,CryptoCurrency
329,nm40sq,NeverHeardThat,6892,0.92,950,CryptoCurrency
330,o14zy9,NakedBat,6521,0.94,1711,CryptoCurrency
331,mtwvax,NaiwennFr,17534,0.92,1618,CryptoCurrency
332,qkai4d,MuffinMan12347,23711,0.87,4511,CryptoCurrency
333,lra6ps,Monster_Chief17,11775,0.86,2451,CryptoCurrency
334,l4msni,Monster_Chief17,8804,0.95,982,CryptoCurrency
335,o10xzv,Monster_Chief17,5875,0.9,631,CryptoCurrency
336,n8zorr,Mjds27,8212,0.91,739,CryptoCurrency
337,6z6pa1,Midorfeed69,5470,0.93,562,CryptoCurrency
338,p3tff2,Mekayv,25773,0.82,1998,CryptoCurrency
339,lfbslm,MediumAdhesiveness5,19006,0.9,2172,CryptoCurrency
340,mcoaa3,Mcgillby,5888,0.85,28897,CryptoCurrency
341,qb96i2,Mattelambo,11333,0.85,1257,CryptoCurrency
342,n1vwak,MagoCrypto,20939,0.94,1754,CryptoCurrency
343,qj498c,MDot_Cartier,7850,0.86,1252,CryptoCurrency
344,mw6ter,M1PY,7788,0.91,865,CryptoCurrency
345,n13oql,M00OSE,9261,0.85,1555,CryptoCurrency
346,qvgvdu,LpcArk357,5530,0.88,3007,CryptoCurrency
347,posj0p,Lord-Nagafen,8560,0.73,2552,CryptoCurrency
348,pf8dzu,Lord-Nagafen,6792,0.89,1559,CryptoCurrency
349,nf926t,LootCoin,5071,0.96,610,CryptoCurrency
350,pmwdlm,Loose-Imagination781,10303,0.93,1047,CryptoCurrency
351,pr7qzn,Logical-Beautiful66,5024,0.92,1699,CryptoCurrency
352,pp3ith,Legal_Smile,8339,0.91,1441,CryptoCurrency
353,qp2k5f,LebornVsMikeShinoda,4882,0.94,913,CryptoCurrency
354,qq41ei,LeakyVaccine94,5207,0.81,2384,CryptoCurrency
355,lg1yhv,Layneeeee,14817,0.93,1628,CryptoCurrency
356,llyq6e,Layneeeee,5263,0.97,1054,CryptoCurrency
357,l6jl6f,LactatingJello,14540,0.96,818,CryptoCurrency
358,7uhta0,Kratos0,6356,0.92,358,CryptoCurrency
359,7oaadg,KogMawOfMortimidas,7652,0.82,422,CryptoCurrency
360,nj7e7y,Knights_Radiants,6320,0.9,1445,CryptoCurrency
361,mrch2c,Klaasiker,10600,0.89,889,CryptoCurrency
362,8d5eoz,KiwiJuce3,8155,0.9,806,CryptoCurrency
363,p1txxi,Kingkong_smoldong,12907,0.85,1974,CryptoCurrency
364,7jj7bs,KevinSorbone,5057,0.93,1209,CryptoCurrency
365,m8esie,Kawalele,6309,0.94,904,CryptoCurrency
366,p6eppn,KAX1107,29534,0.85,1744,CryptoCurrency
367,p4t2pk,Jumpman707,15974,0.84,2189,CryptoCurrency
368,nns2bs,JuicySpark,6815,0.78,926,CryptoCurrency
369,lmyhur,Joe-M-4,12803,0.97,885,CryptoCurrency
370,kjak8i,Joe-M-4,6208,0.96,352,CryptoCurrency
371,nyx4iw,Jezzadoe,12189,0.93,912,CryptoCurrency
372,pjp06e,JazzyJayKarr,6358,0.82,3194,CryptoCurrency
373,lplckn,Jayvn13,11615,0.85,1601,CryptoCurrency
374,lmpebt,JaxTellerr,6232,0.92,1185,CryptoCurrency
375,lnuia6,Jakeron,13949,0.94,650,CryptoCurrency
376,nr2v11,Invest07723,14129,0.88,1455,CryptoCurrency
377,o56iry,Invest07723,5203,0.86,1219,CryptoCurrency
378,prd97u,Innit4theTech,6807,0.93,1150,CryptoCurrency
379,m2lky8,IfByLand,6320,0.9,1221,CryptoCurrency
380,p4ajfg,I_PLAY_IT_OFF_LEGIT,5310,0.88,2486,CryptoCurrency
381,nbemhd,IDGAFOS,4940,0.86,1294,CryptoCurrency
382,m5qkpa,HuskerNatChamps2020,7869,0.95,651,CryptoCurrency
383,ngwelr,Hot_Dog_Dudeson,28775,0.78,2361,CryptoCurrency
384,nypc2e,HeungMinSwan,15878,0.85,2722,CryptoCurrency
385,myfdax,Harucifer,7676,0.96,428,CryptoCurrency
386,p2ytn0,GuyCoinBureau,4991,0.83,3035,CryptoCurrency
387,mntcz3,GroundbreakingLack78,36960,0.82,3042,CryptoCurrency
388,mli30h,GroundbreakingLack78,8180,0.95,649,CryptoCurrency
389,q2eizx,GroundbreakingLack78,6472,0.81,736,CryptoCurrency
390,mhxd6q,GroundbreakingLack78,6220,0.95,608,CryptoCurrency
391,n5dr2m,Goldenbeardyman,6426,0.93,645,CryptoCurrency
392,ord7xa,GoldenRain99,13340,0.89,1672,CryptoCurrency
393,ouj4aq,Goatblort,5581,0.95,769,CryptoCurrency
394,7ioa9g,Goal1,11070,0.85,1137,CryptoCurrency
395,m0jpe6,Ginger-Pubes,11310,0.9,1019,CryptoCurrency
396,np8zry,GelDel12,9116,0.92,1114,CryptoCurrency
397,7sx5ze,Gabriel-Lewis,19963,0.88,3839,CryptoCurrency
398,njanwu,FurFaceMcBeard,8377,0.83,2698,CryptoCurrency
399,l8954p,Fritz1818,6886,0.97,334,CryptoCurrency
400,ndng7x,Frederik1234,8187,0.89,1777,CryptoCurrency
401,mt5odv,Fragsworth,8707,0.9,1982,CryptoCurrency
402,qhwb76,FractalImagination,6124,0.84,2411,CryptoCurrency
403,l0poi3,FollowMe22,7407,0.95,922,CryptoCurrency
404,nxtftt,Flynn_Kevin,7189,0.96,600,CryptoCurrency
405,mssfjm,FineLeg,10209,0.91,1181,CryptoCurrency
406,o0mezb,Figfogey,9984,0.94,832,CryptoCurrency
407,nletmi,Fantastic-Cucumber-1,7648,0.95,736,CryptoCurrency
408,noeto4,ExorIMADreamer,9002,0.9,1584,CryptoCurrency
409,lsel8w,ExcellentNoThankYou,17039,0.92,1539,CryptoCurrency
410,ml55dp,ExcellentNoThankYou,5220,0.96,573,CryptoCurrency
411,l7nsyz,EZLIFE420,6345,0.95,578,CryptoCurrency
412,7tq6z2,ENSChamp,7455,0.93,679,CryptoCurrency
413,mbympn,EDM117,5864,0.95,705,CryptoCurrency
414,pw0kgt,Dwez1337,25782,0.94,1163,CryptoCurrency
415,q5y3q6,Dwez1337,20335,0.92,1507,CryptoCurrency
416,odbuf7,Dwez1337,18804,0.8,1957,CryptoCurrency
417,nkolbg,Dwez1337,12985,0.93,1006,CryptoCurrency
418,njrbs8,Dwez1337,8543,0.94,1091,CryptoCurrency
419,pegyo0,Dwez1337,6979,0.88,1724,CryptoCurrency
420,qjx8tl,Dwez1337,6707,0.95,1591,CryptoCurrency
421,pgtkjy,Dwez1337,5192,0.93,1032,CryptoCurrency
422,p4l9ri,Dwez1337,5114,0.96,444,CryptoCurrency
423,mtghzc,Duk01001111bito,21061,0.9,9441,CryptoCurrency
424,mwwffa,DriveLamboToTheMoon,20849,0.86,3283,CryptoCurrency
425,lhkrie,DivineEu,9049,0.94,1177,CryptoCurrency
426,nhu312,DetroitMotorShow,15679,0.88,1837,CryptoCurrency
427,po2qym,DetroitMotorShow,15299,0.89,4495,CryptoCurrency
428,o1h95p,DetroitMotorShow,6426,0.92,1629,CryptoCurrency
429,q5gdtj,DetroitMotorShow,5494,0.81,2597,CryptoCurrency
430,nzmfcj,DetroitMotorShow,5474,0.93,1207,CryptoCurrency
431,7r0ftz,DestroyerOfShitcoins,26499,0.84,3012,CryptoCurrency
432,7raztw,DestroyerOfShitcoins,17889,0.86,1268,CryptoCurrency
433,ltbf8v,DestroRe13,14354,0.94,509,CryptoCurrency
434,p3qayi,DerrickRoseTackoFell,6292,0.7,2527,CryptoCurrency
435,ospxgx,DaveinOakland,6690,0.91,1393,CryptoCurrency
436,o6k1a8,DaleGribblesHairline,21799,0.93,2882,CryptoCurrency
437,pqidia,DaddySkates,6110,0.88,1532,CryptoCurrency
438,nx6pvi,CyroSwitchBlade,6436,0.98,488,CryptoCurrency
439,mflmpo,CyberPunkMetalHead,9813,0.94,768,CryptoCurrency
440,kklwlt,Cryptorich13,5955,0.94,733,CryptoCurrency
441,moilxv,Cryptodragonnz,10416,0.9,1338,CryptoCurrency
442,7zp1t4,Crypto_Creepa,7592,0.84,335,CryptoCurrency
443,neys6q,CryptoFacts,17608,0.94,1259,CryptoCurrency
444,7g3hgn,CryptoCurrencyNews,6146,0.9,770,CryptoCurrency
445,7whil1,CryptoCurrencyMod,6366,0.93,1803,CryptoCurrency
446,nssedw,Crypto-Jim33,9737,0.94,812,CryptoCurrency
447,7cl74f,CookieM0n5ter,13331,0.94,382,CryptoCurrency
448,nt531l,ControlPotential,18214,0.86,1727,CryptoCurrency
449,olffeq,ControlPotential,5841,0.81,1010,CryptoCurrency
450,obldqp,ControlPotential,5560,0.83,900,CryptoCurrency
451,mjds9l,Colmado_Bacano,6945,0.89,1433,CryptoCurrency
452,ozhqmr,Clip_It_,6634,0.76,2324,CryptoCurrency
453,p66uvd,Clean_Eyes,5411,0.94,795,CryptoCurrency
454,o2y18g,ClaustrophobicShop,4985,0.95,726,CryptoCurrency
455,mqqifs,Clash_My_Clans,11099,0.95,579,CryptoCurrency
456,g81ief,ChuckieOrLaw,5087,0.97,175,CryptoCurrency
457,oroqj3,Chikkin1013,4998,0.86,1358,CryptoCurrency
458,qc16f2,ChemicalGreek,14452,0.79,2376,CryptoCurrency
459,luupgz,CatchPhotons,12438,0.93,828,CryptoCurrency
460,lxcmup,CarbonatedInsidious,5490,0.9,1195,CryptoCurrency
461,mq5uh1,CaracasGirl,4994,0.96,365,CryptoCurrency
462,niehwr,CaptnPilot,15512,0.87,1936,CryptoCurrency
463,nbk72b,Brinothedino,19543,0.86,1457,CryptoCurrency
464,o8y8xu,Brinothedino,5992,0.92,835,CryptoCurrency
465,qop0fv,Brinker59,14757,0.84,3507,CryptoCurrency
466,qt82pc,Brave_is_Great,9758,0.86,2325,CryptoCurrency
467,7vkqfq,BlastingTheBlaze,8275,0.91,223,CryptoCurrency
468,7pi4ry,Bitcoinfriend,6440,0.83,615,CryptoCurrency
469,7n3fxk,BigFriendlyGaybro,7011,0.87,361,CryptoCurrency
470,8m2kqz,Bidkan,6336,0.92,208,CryptoCurrency
471,8zyxc1,BelgianPolitics,11987,0.93,428,CryptoCurrency
472,n6ubjb,Basic_Bridge_8177,9660,0.88,1859,CryptoCurrency
473,nkkztk,Baka_Jaba,5781,0.88,1232,CryptoCurrency
474,nch8rm,BTC_Hadzija,37804,0.82,1633,CryptoCurrency
475,naa4sq,BTC_Hadzija,11311,0.89,1587,CryptoCurrency
476,m6azph,AvidasOfficial,13252,0.92,1242,CryptoCurrency
477,lw3mkz,AvidasOfficial,9000,0.96,1302,CryptoCurrency
478,82twrd,AvidasOfficial,6334,0.88,347,CryptoCurrency
479,pzgjj9,AutisticDalekOnSpeed,6069,0.84,998,CryptoCurrency
480,mwl056,Aurtach,7386,0.88,1794,CryptoCurrency
481,q4e40i,Ass-Kickin_Chicken,7016,0.82,841,CryptoCurrency
482,p0l973,Ardi2Ole,10197,0.9,1264,CryptoCurrency
483,lneip7,Anthonytb790,13964,0.92,3382,CryptoCurrency
484,nfcs9r,AnthonyPerfetto,14220,0.92,1606,CryptoCurrency
485,ncr7nq,AmishMagic,12286,0.87,1735,CryptoCurrency
486,n8h7ky,Alternative-Pipe-558,20328,0.84,1550,CryptoCurrency
487,nwmtwy,AlreadyLiberated,13745,0.65,2341,CryptoCurrency
488,o442ux,AlreadyLiberated,9834,0.78,1154,CryptoCurrency
489,nobj1h,AlexxLopaztico02,6850,0.92,845,CryptoCurrency
490,q7ctib,AlcoholicShinobi,16379,0.83,1428,CryptoCurrency
491,o8ol8v,Accomplished-Design7,6421,0.88,1263,CryptoCurrency
492,q10jmq,Acceptable_Novel8200,15189,0.9,1103,CryptoCurrency
493,qunqau,Acceptable-Sort-8429,5522,0.91,718,CryptoCurrency
494,l63ny9,ABloodHen,5150,0.86,1220,CryptoCurrency
495,nl0xwa,9Oh8m8,18579,0.91,1744,CryptoCurrency
496,n00qxy,9Oh8m8,7935,0.97,835,CryptoCurrency
497,8tiytf,1thousandx,4916,0.93,288,CryptoCurrency
498,kmxv9o,10ke,6208,0.9,1039,CryptoCurrency
499,oip4mi,007happyguy,10898,0.85,2817,CryptoCurrency
